3266980033613;Cordon bleu;c;https://fr.openfoodfacts.org/produit/3266980033613/cordon-bleu-le-gaulois;['PLATS PRÉPARÉS', ' FRAIS', ' PRODUITS PANÉS', ' CORDONS BLEUS', ' CORDONS BLEUS DE POULET'];PLATS PRÉPARÉ;['FRANPRIX']
3038352880305;Le Ravioli, Pur Bœuf;b;https://fr.openfoodfacts.org/produit/3038352880305/le-ravioli-pur-boeuf-panzani;"['ALIMENTS ET BOISSONS À BASE DE VÉGÉTAUX', "" ALIMENTS D'ORIGINE VÉGÉTALE"", ' CONSERVES', ' CÉRÉALES ET POMMES DE TERRE', ' CÉRÉALES ET DÉRIVÉS', ' PLATS PRÉPARÉS', ' PRODUITS À LA VIANDE', ' PLATS À BASE DE VIANDE', ' PLATS PRÉPARÉS À BASE DE PÂTES', ' PÂTES ALIMENTAIRES', ' PLATS À BASE DE VIANDE BOVINE', ' PLATS PRÉPARÉS EN CONSERVE', ' PÂTES FARCIES', ' RAVIOLI', ' RAVIOLIS AU BŒUF', ' RAVIOLI EN CONSERVE']";PLATS PRÉPARÉ;['BANQUE ALIMENTAIRE', 'FRANPRIX', 'INTERMARCHÉ', 'AUCHAN']
7613034246882;Mousline (4 sachets de 4 assiettes);a;https://fr.openfoodfacts.org/produit/7613034246882/mousline-4-sachets-de-4-assiettes-maggi;"['ALIMENTS ET BOISSONS À BASE DE VÉGÉTAUX', "" ALIMENTS D'ORIGINE VÉGÉTALE"", ' CÉRÉALES ET POMMES DE TERRE', ' PRODUITS DÉSHYDRATÉS', ' PRODUITS LYOPHILISÉS À RECONSTITUER', ' PURÉES EN FLOCONS']";PLATS PRÉPARÉ;['LECLERC']
3011250018308;Escalope Cordon Bleu;c;https://fr.openfoodfacts.org/produit/3011250018308/escalope-cordon-bleu-pere-dodu;['PLATS PRÉPARÉS', ' FRAIS', ' PRODUITS PANÉS', ' CORDONS BLEUS', ' CORDONS BLEUS DE DINDE'];PLATS PRÉPARÉ;['INTERMARCHÉ']
3240931538983;Gnocchi à Poêler (+ 15 % Gratuit);c;https://fr.openfoodfacts.org/produit/3240931538983/gnocchi-a-poeler-15-gratuit-lustucru-selection;"['ALIMENTS ET BOISSONS À BASE DE VÉGÉTAUX', "" ALIMENTS D'ORIGINE VÉGÉTALE"", ' CÉRÉALES ET POMMES DE TERRE', ' CÉRÉALES ET DÉRIVÉS', ' PLATS PRÉPARÉS', ' FRAIS', ' PÂTES ALIMENTAIRES', ' PLATS PRÉPARÉS FRAIS', ' PÂTES FRAÎCHES', ' GNOCCHI', ' GNOCCHI DE POMMES DE TERRE', ' GNOCCHIS À POÊLER']";PLATS PRÉPARÉ;['LIDL']
3270160717323;Pizza surgelée Jambon Speck Roquette Mozzarella;b;https://fr.openfoodfacts.org/produit/3270160717323/pizza-surgelee-jambon-speck-roquette-mozzarella-picard;['SURGELÉS', ' PLATS PRÉPARÉS', ' PRODUITS À LA VIANDE', ' PLATS À BASE DE VIANDE', ' PIZZAS', ' PIZZAS', ' PIZZAS ET TARTES SURGELÉES', ' PLATS PRÉPARÉS SURGELÉS', ' PLATS À BASE DE VIANDE PORCINE', ' PIZZAS SURGELÉES', ' PIZZAS AU JAMBON'];PLATS PRÉPARÉ;['PICARD']
3083680566094;Carottes râpées au Citron de Sicile;a;https://fr.openfoodfacts.org/produit/3083680566094/carottes-rapees-au-citron-de-sicile-bonduelle;['PLATS PRÉPARÉS', ' FRAIS', ' LÉGUMES PRÉPARÉS', ' PLATS PRÉPARÉS FRAIS', ' ENTRÉES', ' ENTRÉES FROIDES', ' CAROTTES RÂPÉES', ' CAROTTES RÂPÉES ASSAISONÉES', ' CRUDITÉS'];PLATS PRÉPARÉ;['LECLERC DRIVE']
7613034383808;Four à Pierre Royale;c;https://fr.openfoodfacts.org/produit/7613034383808/four-a-pierre-royale-buitoni;['SURGELÉS', ' PLATS PRÉPARÉS', ' PIZZAS', ' PIZZAS', ' PIZZAS ET TARTES SURGELÉES', ' PLATS PRÉPARÉS SURGELÉS', ' PIZZAS SURGELÉES', ' PIZZAS ROYALES', ' PIZZAS TARTES SALÉES ET QUICHES'];PLATS PRÉPARÉ;['AUCHAN', 'FRANPRIX', 'LECLERC']
3259011046300;Croq' Soja au curry & pavot;a;https://fr.openfoodfacts.org/produit/3259011046300/croq-soja-au-curry-pavot-cereal-bio;"['ALIMENTS ET BOISSONS À BASE DE VÉGÉTAUX', "" ALIMENTS D'ORIGINE VÉGÉTALE"", ' CÉRÉALES ET POMMES DE TERRE', ' CÉRÉALES ET DÉRIVÉS', ' PLATS PRÉPARÉS', "" PLATS PRÉPARÉS D'ORIGINE VÉGÉTALE"", ' SPECIALITES-VEGETALES-A-BASE-DE-TOFU']";PLATS PRÉPARÉ;['CARREFOUR', 'CARREFOUR MARKET', 'MAGASINS U']
4001724818908;Pizza Ristorante Quattro Formaggi;d;https://fr.openfoodfacts.org/produit/4001724818908/pizza-ristorante-quattro-formaggi-dr-oetker;['SURGELÉS', ' PLATS PRÉPARÉS', ' PIZZAS', ' PIZZAS', ' PIZZAS AU FROMAGE', ' PIZZAS ET TARTES SURGELÉES', ' PLATS PRÉPARÉS SURGELÉS', ' PIZZAS AUX QUATRE FROMAGES', ' PIZZAS SURGELÉES', ' PIZZAS TARTES SALÉES ET QUICHES'];PLATS PRÉPARÉ;['DIA', 'WOOLWORTHS', 'COLES', 'INTERMARCHÉ', 'MAGASINS U']
3242274000059;Salade & Compagnie - Manhattan;a;https://fr.openfoodfacts.org/produit/3242274000059/salade-compagnie-manhattan-sodebo;"['ALIMENTS ET BOISSONS À BASE DE VÉGÉTAUX', "" ALIMENTS D'ORIGINE VÉGÉTALE"", ' ALIMENTS À BASE DE FRUITS ET DE LÉGUMES', ' PLATS PRÉPARÉS', ' LÉGUMES ET DÉRIVÉS', ' FRAIS', ' SALADES', ' ALIMENTS À BASE DE PLANTES FRAIS', ' SALADES COMPOSÉES']";PLATS PRÉPARÉ;['CARREFOUR', 'SUPER U', 'AUCHAN', 'MAGASINS U', 'CORA', 'ELCLERC', 'INTERMARCHE']
3229820181899;Quinoa tomates olives;a;https://fr.openfoodfacts.org/produit/3229820181899/quinoa-tomates-olives-bjorg;['PLATS PRÉPARÉS', ' CÉRÉALES PRÉPARÉES'];PLATS PRÉPARÉ;['CARREFOUR', ' MAGASINS U']
3175681028111;Galettes Quinoa et Boulghour à la tomate;b;https://fr.openfoodfacts.org/produit/3175681028111/galettes-quinoa-et-boulghour-a-la-tomate-cereal-bio;"['ALIMENTS ET BOISSONS À BASE DE VÉGÉTAUX', "" ALIMENTS D'ORIGINE VÉGÉTALE"", ' PLATS PRÉPARÉS', "" PLATS PRÉPARÉS D'ORIGINE VÉGÉTALE"", ' GALETTES VÉGÉTALES']";PLATS PRÉPARÉ;['CARREFOUR MARKET', 'MAGASINS U']
8001665127950;Cappelletti Jambon Cru;d;https://fr.openfoodfacts.org/produit/8001665127950/cappelletti-jambon-cru-giovanni-rana;"['ALIMENTS ET BOISSONS À BASE DE VÉGÉTAUX', "" ALIMENTS D'ORIGINE VÉGÉTALE"", ' CÉRÉALES ET POMMES DE TERRE', ' CÉRÉALES ET DÉRIVÉS', ' PLATS PRÉPARÉS', ' PRODUITS À LA VIANDE', ' FRAIS', ' PLATS À BASE DE VIANDE', ' PLATS PRÉPARÉS À BASE DE PÂTES', ' PÂTES ALIMENTAIRES', ' PÂTES FARCIES', ' PLATS PRÉPARÉS FRAIS', ' PÂTES FRAÎCHES', ' PLATS À BASE DE VIANDE PORCINE', ' EN:CAPPELLETTI', ' EN:PÂTES']";PLATS PRÉPARÉ;['AUCHAN', 'FRANPRIX']
3242272340850;Dolce Pizza Regina;c;https://fr.openfoodfacts.org/produit/3242272340850/dolce-pizza-regina-sodebo;['PLATS PRÉPARÉS', ' PRODUITS À LA VIANDE', ' PLATS À BASE DE VIANDE', ' PIZZAS', ' RÉFRIGÉRÉS', ' PIZZAS', ' PLATS PRÉPARÉS RÉFRIGÉRÉS', ' PLATS À BASE DE VIANDE PORCINE', ' PIZZAS AU JAMBON'];PLATS PRÉPARÉ;['LECLERC']
3011360012531;Velouté de neuf légumes;b;https://fr.openfoodfacts.org/produit/3011360012531/veloute-de-neuf-legumes-knorr;"['ALIMENTS ET BOISSONS À BASE DE VÉGÉTAUX', "" ALIMENTS D'ORIGINE VÉGÉTALE"", ' ALIMENTS À BASE DE FRUITS ET DE LÉGUMES', ' PLATS PRÉPARÉS', ' SOUPES', ' VELOUTÉS', ' SOUPES DE LÉGUMES', ' VELOUTÉS DE LÉGUMES']";PLATS PRÉPARÉ;['SUPER U']
3259011799893;Galette sarrasin boulghour à l'emmental;b;https://fr.openfoodfacts.org/produit/3259011799893/galette-sarrasin-boulghour-a-l-emmental-cereal-bio;"['ALIMENTS ET BOISSONS À BASE DE VÉGÉTAUX', "" ALIMENTS D'ORIGINE VÉGÉTALE"", ' PLATS PRÉPARÉS', "" PLATS PRÉPARÉS D'ORIGINE VÉGÉTALE""]";PLATS PRÉPARÉ;['AUCHAN', 'CASINO', 'CARREFOUR MARKET', ' MAGASINS U']
3259011799909;Galettes millet et boulghour aux champignons;b;https://fr.openfoodfacts.org/produit/3259011799909/galettes-millet-et-boulghour-aux-champignons-cereal-bio;['PLATS PRÉPARÉS', ' CÉRÉALES PRÉPARÉES'];PLATS PRÉPARÉ;['CARREFOUR MARKET', ' MAGASINS U']
3560070211296;Pizza Venezia Cuite au Feu de Bois;c;https://fr.openfoodfacts.org/produit/3560070211296/pizza-venezia-cuite-au-feu-de-bois-carrefour;['SURGELÉS', ' PLATS PRÉPARÉS', ' PIZZAS', ' PIZZAS', ' PIZZAS ET TARTES SURGELÉES', ' PIZZAS SURGELÉES'];PLATS PRÉPARÉ;['CARREFOUR']
5410188031072;Gazpacho;a;https://fr.openfoodfacts.org/produit/5410188031072/gazpacho-alvalle;"['ALIMENTS ET BOISSONS À BASE DE VÉGÉTAUX', "" ALIMENTS D'ORIGINE VÉGÉTALE"", ' ALIMENTS À BASE DE FRUITS ET DE LÉGUMES', ' PLATS PRÉPARÉS', ' RÉFRIGÉRÉS', ' SOUPES', ' PLATS PRÉPARÉS RÉFRIGÉRÉS', ' SOUPES DE LÉGUMES', ' SOUPES FROIDES', ' SOUPES RÉFRIGÉRÉES', ' GASPACHO']";PLATS PRÉPARÉ;['FRANPRIX', ' MAGASINS U']
3229820188751;Lentilles carottes bio;a;https://fr.openfoodfacts.org/produit/3229820188751/lentilles-carottes-bio-bjorg;"['ALIMENTS ET BOISSONS À BASE DE VÉGÉTAUX', ""ALIMENTS D'ORIGINE VÉGÉTALE"", 'LÉGUMES SECS', 'LENTILLES', 'GRAINES DE LÉGUMINEUSES', 'LÉGUMINEUSES ET DÉRIVÉS', 'LÉGUMINEUSES', 'GRAINES', 'PLATS PRÉPARÉS', 'LENTILLES PRÉPARÉES']";PLATS PRÉPARÉ;['CARREFOUR', 'MAGASINS U']
3270160812936;Poulet Au Curry Et Au Lait De Coco, Duo De Riz Picard;b;https://fr.openfoodfacts.org/produit/3270160812936/poulet-au-curry-et-au-lait-de-coco-duo-de-riz-picard;['VIANDES', ' SURGELÉS', ' PLATS PRÉPARÉS', ' VOLAILLES', ' POULETS', ' POULETS CUISINÉS', ' PLATS PRÉPARÉS SURGELÉS', ' POULETS AU CURRY'];PLATS PRÉPARÉ;['PICARD']
3242274002053;Salade & Compagnie - Antibes;a;https://fr.openfoodfacts.org/produit/3242274002053/salade-compagnie-antibes-sodebo;"['ALIMENTS ET BOISSONS À BASE DE VÉGÉTAUX', "" ALIMENTS D'ORIGINE VÉGÉTALE"", ' ALIMENTS À BASE DE FRUITS ET DE LÉGUMES', ' PLATS PRÉPARÉS', ' LÉGUMES ET DÉRIVÉS', ' FRAIS', ' SALADES', ' SALADES COMPOSÉES', ' LÉGUMES-FEUILLES', ' PLATS PRÉPARÉS FRAIS', ' LEAF SALADS']";PLATS PRÉPARÉ;['BANQUE ALIMENTAIRE', 'CARREFOUR MARKET', 'FRANPRIX', 'MAGASINS U']
3302740975103;Poulet tomates purée de courgettes;b;https://fr.openfoodfacts.org/produit/3302740975103/poulet-tomates-puree-de-courgettes-fleury-michon;['PLATS PRÉPARÉS', ' PRODUITS À LA VIANDE', ' PLATS À BASE DE VIANDE', ' PLATS À BASE DE VOLAILLE', ' PLATS PRÉPARÉS À RÉCHAUFFER AU MICRO-ONDES', ' PLATS À BASE DE POULET'];PLATS PRÉPARÉ;['CARREFOUR MARKET', 'CARREFOUR', 'CASINO', 'MAGASINS U']
3242272256656;CremioBox - Jambon à la crème;c;https://fr.openfoodfacts.org/produit/3242272256656/cremiobox-jambon-a-la-creme-sodebo;['PLATS PRÉPARÉS', ' PRODUITS À LA VIANDE', ' FRAIS', ' PLATS À BASE DE VIANDE', ' PLATS PRÉPARÉS À BASE DE PÂTES', ' PLATS PRÉPARÉS FRAIS', ' PÂTES INSTANTANÉES', ' PLATS PRÉPARÉS À RÉCHAUFFER AU MICRO-ONDES', ' PLATS À BASE DE VIANDE PORCINE', ' BOX'];PLATS PRÉPARÉ;['CARREFOUR']
3270160167395;Manchons de poulets rôti surgelés;d;https://fr.openfoodfacts.org/produit/3270160167395/manchons-de-poulets-roti-surgeles-picard;['VIANDES', ' SURGELÉS', ' PLATS PRÉPARÉS', ' PRODUITS À LA VIANDE', ' PLATS À BASE DE VIANDE', ' VOLAILLES', ' PLATS À BASE DE VOLAILLE', ' POULETS', ' POULETS CUISINÉS', ' PLATS PRÉPARÉS SURGELÉS', ' MANCHONS DE POULET'];PLATS PRÉPARÉ;['PICARD']
3242272500056;La Pizz - Jambon Emmental;c;https://fr.openfoodfacts.org/produit/3242272500056/la-pizz-jambon-emmental-sodebo;['PLATS PRÉPARÉS', ' PRODUITS À LA VIANDE', ' FRAIS', ' PLATS À BASE DE VIANDE', ' PIZZAS', ' RÉFRIGÉRÉS', ' PIZZAS', ' PLATS À BASE DE VIANDE PORCINE', ' PIZZAS JAMBON-FROMAGE', ' PIZZAS FRAÎCHES', ' PIZZAS JAMBON EMMENTAL', ' PIZZAS TARTES SALÉES ET QUICHES'];PLATS PRÉPARÉ;['BANQUE ALIMENTAIRE', 'CORA', 'LECLERC', 'MAGASINS U']
3011250013549;Nuggets de poulet;b;https://fr.openfoodfacts.org/produit/3011250013549/nuggets-de-poulet-pere-dodu;['VIANDES', ' PLATS PRÉPARÉS', ' FRAIS', ' VOLAILLES', ' PRODUITS PANÉS', ' POULETS', ' POULETS CUISINÉS', ' NUGGETS DE POULET', ' POULETS PANÉS'];PLATS PRÉPARÉ;['CARREFOUR']
7613032261825;Four à pierre, authentique pâte à pizza;d;https://fr.openfoodfacts.org/produit/7613032261825/four-a-pierre-authentique-pate-a-pizza-buitoni;['SURGELÉS', ' PLATS PRÉPARÉS', ' PIZZAS', ' PIZZAS', ' PIZZAS AU FROMAGE', ' PIZZAS ET TARTES SURGELÉES', ' PLATS PRÉPARÉS SURGELÉS', ' PIZZAS AUX QUATRE FROMAGES', ' PIZZAS SURGELÉES', ' PIZZAS TARTES SALÉES ET QUICHES'];PLATS PRÉPARÉ;['MONOPRIX']
8422174010029;Gazpacho Original;a;https://fr.openfoodfacts.org/produit/8422174010029/gazpacho-original-alvalle;"['ALIMENTS ET BOISSONS À BASE DE VÉGÉTAUX', "" ALIMENTS D'ORIGINE VÉGÉTALE"", ' ALIMENTS À BASE DE FRUITS ET DE LÉGUMES', ' PLATS PRÉPARÉS', ' SOUPES', ' SOUPES DE LÉGUMES', ' SOUPES FROIDES', ' GASPACHO']";PLATS PRÉPARÉ;['GÉANT CASINO', 'SUPERCOR EXPRESS', 'CORA']
3021690023893;Ravioli Pur Bœuf (Sauce Tomate Cuisinée);b;https://fr.openfoodfacts.org/produit/3021690023893/ravioli-pur-boeuf-sauce-tomate-cuisinee-zapetti;"['ALIMENTS ET BOISSONS À BASE DE VÉGÉTAUX', "" ALIMENTS D'ORIGINE VÉGÉTALE"", ' CONSERVES', ' CÉRÉALES ET POMMES DE TERRE', ' CÉRÉALES ET DÉRIVÉS', ' PLATS PRÉPARÉS', ' PRODUITS À LA VIANDE', ' PLATS À BASE DE VIANDE', ' PLATS PRÉPARÉS À BASE DE PÂTES', ' PÂTES ALIMENTAIRES', ' PLATS À BASE DE VIANDE BOVINE', ' PLATS PRÉPARÉS EN CONSERVE', ' PÂTES FARCIES', ' RAVIOLI', ' RAVIOLIS AU BŒUF', ' RAVIOLI EN CONSERVE']";PLATS PRÉPARÉ;['SUPER U', 'MAGASINS U']
3302745733029;Le bâtonnet Moelleux - 30 bâtonnets;b;https://fr.openfoodfacts.org/produit/3302745733029/le-batonnet-moelleux-30-batonnets-fleury-michon;['PLATS PRÉPARÉS', ' PRODUITS DE LA MER', ' FRAIS', ' PLATS À BASE DE POISSON', ' PRÉPARATIONS À BASE DE CHAIR DE POISSON', ' SURIMI'];PLATS PRÉPARÉ;['MAGASINS U']
3036812020704;Gratinée oignons et croûtons;c;https://fr.openfoodfacts.org/produit/3036812020704/gratinee-oignons-et-croutons-royco;['PLATS PRÉPARÉS', ' PRODUITS DÉSHYDRATÉS', ' PRODUITS LYOPHILISÉS À RECONSTITUER', ' SOUPES', ' PLATS PRÉPARÉS DÉSHYDRATÉS', ' SOUPES DÉSHYDRATÉES'];PLATS PRÉPARÉ;['LECLERC', 'MAGASINS U']
8001665127974;Tortellini Pesto, Basilic & Pignons;c;https://fr.openfoodfacts.org/produit/8001665127974/tortellini-pesto-basilic-pignons-rana;"['ALIMENTS ET BOISSONS À BASE DE VÉGÉTAUX', "" ALIMENTS D'ORIGINE VÉGÉTALE"", ' CÉRÉALES ET POMMES DE TERRE', ' CÉRÉALES ET DÉRIVÉS', ' PLATS PRÉPARÉS', ' FRAIS', ' PLATS PRÉPARÉS À BASE DE PÂTES', ' PÂTES ALIMENTAIRES', ' PÂTES FARCIES', ' PLATS PRÉPARÉS FRAIS', ' PÂTES FRAÎCHES', ' TORTELLINI']";PLATS PRÉPARÉ;['CARREFOUR MARKET', 'FRANPRIX']
3011360002280;Mouliné de légumes verts Knorr;b;https://fr.openfoodfacts.org/produit/3011360002280/mouline-de-legumes-verts-knorr;"['ALIMENTS ET BOISSONS À BASE DE VÉGÉTAUX', "" ALIMENTS D'ORIGINE VÉGÉTALE"", ' ALIMENTS À BASE DE FRUITS ET DE LÉGUMES', ' PLATS PRÉPARÉS', ' SOUPES', ' SOUPES DE LÉGUMES', ' MOULINÉ', ' MOULINÉ DE LÉGUMES', ' POTAGE']";PLATS PRÉPARÉ;['CARREFOUR']
3175681028098;Galettes Epeautre et Boulghour aux petits légumes;a;https://fr.openfoodfacts.org/produit/3175681028098/galettes-epeautre-et-boulghour-aux-petits-legumes-cereal-bio;"['ALIMENTS ET BOISSONS À BASE DE VÉGÉTAUX', "" ALIMENTS D'ORIGINE VÉGÉTALE"", ' PLATS PRÉPARÉS', "" PLATS PRÉPARÉS D'ORIGINE VÉGÉTALE""]";PLATS PRÉPARÉ;['CARREFOUR MARKET', ' MAGASINS U']
8001665128032;Gourmet - Grand ravioli Cèpes, Fromage & Champignons Émincés;d;https://fr.openfoodfacts.org/produit/8001665128032/gourmet-grand-ravioli-cepes-fromage-champignons-eminces-giovanni-rana;"['ALIMENTS ET BOISSONS À BASE DE VÉGÉTAUX', "" ALIMENTS D'ORIGINE VÉGÉTALE"", ' CÉRÉALES ET POMMES DE TERRE', ' CÉRÉALES ET DÉRIVÉS', ' PLATS PRÉPARÉS', ' FRAIS', ' PLATS PRÉPARÉS À BASE DE PÂTES', ' PÂTES ALIMENTAIRES', ' RÉFRIGÉRÉS', ' PLATS PRÉPARÉS RÉFRIGÉRÉS', ' PÂTES FARCIES', ' PLATS PRÉPARÉS FRAIS', ' PÂTES FRAÎCHES', ' RAVIOLI', ' RAVIOLI AU FROMAGE', ' RAVIOLI AUX CHAMPIGNONS', ' RAVIOLI AUX CÈPES', ' RAVIOLI FRAIS']";PLATS PRÉPARÉ;['MAGASINS U', 'MONOPRIX', 'FRANPRIX', 'CARREFOUR MARKET']
3175681061460;Cappelletti au chevre, tofu, epinards, sauce tomate;a;https://fr.openfoodfacts.org/produit/3175681061460/cappelletti-au-chevre-tofu-epinards-sauce-tomate-cereal-bio;['PLATS PRÉPARÉS', ' PLATS PRÉPARÉS À RÉCHAUFFER AU MICRO-ONDES'];PLATS PRÉPARÉ;['MAGASINS U']
3242272341550;Dolce Pizza Campanella;d;https://fr.openfoodfacts.org/produit/3242272341550/dolce-pizza-campanella-sodebo;['PLATS PRÉPARÉS', ' PIZZAS', ' PIZZAS TARTES SALÉES ET QUICHES'];PLATS PRÉPARÉ;['HYPER U', 'CORA']
3266980028428;L'escalope Cordon Bleu;c;https://fr.openfoodfacts.org/produit/3266980028428/l-escalope-cordon-bleu-le-gaulois;['PLATS PRÉPARÉS', ' FRAIS', ' RÉFRIGÉRÉS', ' PRODUITS PANÉS', ' PLATS PRÉPARÉS RÉFRIGÉRÉS', ' CORDONS BLEUS', ' CORDONS BLEUS DE DINDE'];PLATS PRÉPARÉ;['CARREFOUR MARKET', 'CARREFOUR', 'LECLERC']
3560070262137;Pizza Bûche de Chèvre;c;https://fr.openfoodfacts.org/produit/3560070262137/pizza-buche-de-chevre-carrefour-bio;['SURGELÉS', ' PLATS PRÉPARÉS', ' PIZZAS', ' PIZZAS', ' PIZZAS AU FROMAGE', ' PIZZAS ET TARTES SURGELÉES', ' PIZZAS SURGELÉES', ' PIZZAS AU FROMAGE DE CHÈVRE', ' PIZZAS TARTES SALÉES ET QUICHES'];PLATS PRÉPARÉ;['CARREFOUR']
3600900011037;quinoa;a;https://fr.openfoodfacts.org/produit/3600900011037/quinoa-tipiak;"['ALIMENTS ET BOISSONS À BASE DE VÉGÉTAUX', "" ALIMENTS D'ORIGINE VÉGÉTALE"", ' CÉRÉALES ET POMMES DE TERRE', ' GRAINES', ' CÉRÉALES ET DÉRIVÉS', ' PLATS PRÉPARÉS', ' CÉRÉALES EN GRAINS', ' CÉRÉALES PRÉPARÉES', ' QUINOA']";PLATS PRÉPARÉ;['CARREFOUR', 'LECLERC', ' MAGASINS U']
3083680659048;Ratatouille cuisinée à la provençale;a;https://fr.openfoodfacts.org/produit/3083680659048/ratatouille-cuisinee-a-la-provencale-cassegrain;"['ALIMENTS ET BOISSONS À BASE DE VÉGÉTAUX', "" ALIMENTS D'ORIGINE VÉGÉTALE"", ' CONSERVES', ' ALIMENTS À BASE DE FRUITS ET DE LÉGUMES', ' ALIMENTS À BASE DE PLANTES EN CONSERVE', ' PLATS PRÉPARÉS', ' LÉGUMES ET DÉRIVÉS', ' LÉGUMES EN CONSERVE', ' PLATS PRÉPARÉS EN CONSERVE', ' LÉGUMES PRÉPARÉS', ' RATATOUILLES']";PLATS PRÉPARÉ;['MAGASINS U']
3083680484466;Taboulé oriental;b;https://fr.openfoodfacts.org/produit/3083680484466/taboule-oriental-bonduelle;['PLATS PRÉPARÉS', ' ENTRÉES', ' TABOULÉS', ' TABOULÉS ORIENTAUX'];PLATS PRÉPARÉ;['LECLERC', 'FRANPRIX', 'MAGASINS U']
3175681085398;Quinoa et Boulghour à l'indienne Bio;a;https://fr.openfoodfacts.org/produit/3175681085398/quinoa-et-boulghour-a-l-indienne-bio-cereal-bio;"['ALIMENTS ET BOISSONS À BASE DE VÉGÉTAUX', "" ALIMENTS D'ORIGINE VÉGÉTALE"", ' PLATS PRÉPARÉS', "" PLATS PRÉPARÉS D'ORIGINE VÉGÉTALE"", ' CÉRÉALES PRÉPARÉES', ' PLATS PRÉPARÉS À RÉCHAUFFER AU MICRO-ONDES']";PLATS PRÉPARÉ;['MAGASINS U']
3564700005330;Velouté de 10 légumes;b;https://fr.openfoodfacts.org/produit/3564700005330/veloute-de-10-legumes-regal-soupe;"['ALIMENTS ET BOISSONS À BASE DE VÉGÉTAUX', "" ALIMENTS D'ORIGINE VÉGÉTALE"", ' ALIMENTS À BASE DE FRUITS ET DE LÉGUMES', ' PLATS PRÉPARÉS', ' SOUPES', ' VELOUTÉS', ' SOUPES DE LÉGUMES', ' VELOUTÉS DE LÉGUMES', ' POTAGE']";PLATS PRÉPARÉ;['LECLERC']
3251490432650;Croq' soja à la provençale;a;https://fr.openfoodfacts.org/produit/3251490432650/croq-soja-a-la-provencale-cereal-bio;"['ALIMENTS ET BOISSONS À BASE DE VÉGÉTAUX', "" ALIMENTS D'ORIGINE VÉGÉTALE"", ' PLATS PRÉPARÉS', "" PLATS PRÉPARÉS D'ORIGINE VÉGÉTALE"", ' PLATS PRÉPARÉS À RÉCHAUFFER AU MICRO-ONDES']";PLATS PRÉPARÉ;['CARREFOUR', 'INTERMARCHE', 'CASINO', ' MAGASINS U']
3017760314190;Belvita - Petit Déjeuner - Chocolat & 5 Céréales Complètes;d;https://fr.openfoodfacts.org/produit/3017760314190/belvita-petit-dejeuner-chocolat-5-cereales-completes;['SNACKS', ' PETIT-DÉJEUNERS', ' SNACKS SUCRÉS', ' BISCUITS ET GÂTEAUX', ' BISCUITS', ' BISCUITS AU CHOCOLAT'];BISCUITS;['MONOPRIX']
3017760515290;Belvita - Petit Déjeuner - Brut 5 & Céréales Complètes;d;https://fr.openfoodfacts.org/produit/3017760515290/belvita-petit-dejeuner-brut-5-cereales-completes;['SNACKS', ' PETIT-DÉJEUNERS', ' SNACKS SUCRÉS', ' BISCUITS ET GÂTEAUX', ' BISCUITS'];BISCUITS;['INTERMARCHÉ']
7622210449283;Goût Chocolat au Blé Complet;d;https://fr.openfoodfacts.org/produit/7622210449283/gout-chocolat-au-ble-complet-lu;['SNACKS', ' SNACKS SUCRÉS', ' BISCUITS ET GÂTEAUX', ' BISCUITS', ' BISCUITS AU CHOCOLAT'];BISCUITS;['CARREFOUR MARKET', 'MAGASINS U', 'AUCHAN', 'INTERMARCHÉ', 'CARREFOUR', 'CASINO', 'LECLERC', 'CORA', 'BI1']
3175680011534;Biscuit lait chocolat;d;https://fr.openfoodfacts.org/produit/3175680011534/biscuit-lait-chocolat-gerble;['SNACKS', ' SNACKS SUCRÉS', ' BISCUITS ET GÂTEAUX', ' BISCUITS'];BISCUITS;['INTERMARCHÉ', 'CARREFOUR', 'CARREFOUR MARKET', 'AUCHAN', 'MAGASINS U', 'MONOPRIX']
3175680011480;Gerblé sésame;c;https://fr.openfoodfacts.org/produit/3175680011480/gerble-sesame;['SNACKS', ' SNACKS SUCRÉS', ' BISCUITS ET GÂTEAUX', ' BISCUITS'];BISCUITS;['CARREFOUR', 'MAGASINS U', 'LA LOUVE']
3229820100234;Fourrés Chocolat noir BIO;d;https://fr.openfoodfacts.org/produit/3229820100234/fourres-chocolat-noir-bio-bjorg;['SNACKS', ' SNACKS SUCRÉS', ' BISCUITS ET GÂTEAUX', ' BISCUITS', ' BISCUITS AU CHOCOLAT', ' BISCUITS AU CHOCOLAT NOIR'];BISCUITS;['MAGASINS U']
3017760000109;Le Véritable Petit Beurre;e;https://fr.openfoodfacts.org/produit/3017760000109/le-veritable-petit-beurre-lu;['SNACKS', ' SNACKS SUCRÉS', ' BISCUITS ET GÂTEAUX', ' BISCUITS', ' PETITS BEURRES'];BISCUITS;['SUPER U']
5410041005707;PiM's L'Original Orange;e;https://fr.openfoodfacts.org/produit/5410041005707/pim-s-l-original-orange-lu;['SNACKS', ' SNACKS SUCRÉS', ' BISCUITS ET GÂTEAUX', ' BISCUITS', ' GENOISES'];BISCUITS;['CARREFOUR', 'MAGASINS U']
3017760314091;BelVita Miel et Pépites de Chocolat & 5 céréales complètes;d;https://fr.openfoodfacts.org/produit/3017760314091/belvita-miel-et-pepites-de-chocolat-5-cereales-completes-lu;['SNACKS', ' SNACKS SUCRÉS', ' BISCUITS ET GÂTEAUX', ' BISCUITS'];BISCUITS;['CHRONODRIVE', 'INTERMARCHÉ']
3017760005302;Figolu;d;https://fr.openfoodfacts.org/produit/3017760005302/figolu-lu;['SNACKS', ' SNACKS SUCRÉS', ' BISCUITS ET GÂTEAUX', ' BISCUITS', ' BISCUITS SABLÉS', ' BISCUITS FOURRÉS', ' SABLÉS AUX FIGUES'];BISCUITS;['LECLERC']
7622210245281;Prince Goût Chocolat 300 g - LU;d;https://fr.openfoodfacts.org/produit/7622210245281/prince-gout-chocolat-300-g-lu;['SNACKS', ' SNACKS SUCRÉS', ' BISCUITS ET GÂTEAUX', ' BISCUITS', ' BISCUITS AU CHOCOLAT', ' BISCUITS-FOURRES', ' BISCUITS-FOURRES-CHOCOLAT'];BISCUITS;['BANQUE ALIMENTAIRE', 'LECLERC']
3017760314893;Petit Brun Extra;d;https://fr.openfoodfacts.org/produit/3017760314893/petit-brun-extra;['SNACKS', ' SNACKS SUCRÉS', ' BISCUITS ET GÂTEAUX', ' BISCUITS', ' BISCUITS SECS'];BISCUITS;['LECLERC']
3017760756198;Granola L'original Gros éclats de chocolat;e;https://fr.openfoodfacts.org/produit/3017760756198/granola-l-original-gros-eclats-de-chocolat-lu;['SNACKS', ' DESSERTS', ' SNACKS SUCRÉS', ' BISCUITS ET GÂTEAUX', ' BISCUITS', ' BISCUITS AU CHOCOLAT', ' COOKIES', ' COOKIES AU CHOCOLAT'];BISCUITS;['BANQUE ALIMENTAIRE', 'MAGASINS U']
5410041010800;Petit écolier;e;https://fr.openfoodfacts.org/produit/5410041010800/petit-ecolier-lu;['SNACKS', ' SNACKS SUCRÉS', ' BISCUITS ET GÂTEAUX', ' BISCUITS', ' BISCUITS AU CHOCOLAT', ' BISCUITS AU CHOCOLAT NOIR'];BISCUITS;['CARREFOUR MARKET', 'LECLERC', 'MAGASINS U']
3017760601498;Belvita Petit Déjeuner Chocolat;d;https://fr.openfoodfacts.org/produit/3017760601498/belvita-petit-dejeuner-chocolat-lu;['SNACKS', ' PETIT-DÉJEUNERS', ' SNACKS SUCRÉS', ' BISCUITS ET GÂTEAUX', ' BISCUITS', ' BISCUITS AU CHOCOLAT'];BISCUITS;['FRANPRIX', 'INTERMARCHÉ']
3116430059772;DéliChoc;e;https://fr.openfoodfacts.org/produit/3116430059772/delichoc-delacre;['SNACKS', ' SNACKS SUCRÉS', ' BISCUITS ET GÂTEAUX', ' BISCUITS', ' BISCUITS AU CHOCOLAT', ' BISCUITS AU CHOCOLAT AU LAIT'];BISCUITS;['CARREFOUR']
3175681851863;Biscuits Soja Figue;c;https://fr.openfoodfacts.org/produit/3175681851863/biscuits-soja-figue-gerble;['SNACKS', ' SNACKS SUCRÉS', ' BISCUITS ET GÂTEAUX', ' BISCUITS'];BISCUITS;['SPAR', ' MAGASINS U']
3175681077324;Biscuit chocolat amande;c;https://fr.openfoodfacts.org/produit/3175681077324/biscuit-chocolat-amande-gerble;['SNACKS', ' SNACKS SUCRÉS', ' BISCUITS ET GÂTEAUX', ' BISCUITS', ' BISCUITS AU CHOCOLAT'];BISCUITS;['CARREFOUR', ' MAGASINS U']
3229820181950;Fourrés Chocolat lait Bio Bjorg;d;https://fr.openfoodfacts.org/produit/3229820181950/fourres-chocolat-lait-bio-bjorg;['SNACKS', ' SNACKS SUCRÉS', ' BISCUITS ET GÂTEAUX', ' BISCUITS', ' BISCUITS AU CHOCOLAT', ' BISCUITS AU CHOCOLAT AU LAIT'];BISCUITS;['MONOPRIX', ' MAGASINS U']
3056440070896;Bastogne;e;https://fr.openfoodfacts.org/produit/3056440070896/bastogne-lu;['SNACKS', ' SNACKS SUCRÉS', ' BISCUITS ET GÂTEAUX', ' BISCUITS'];BISCUITS;['MONOPRIX', 'MAGASINS U']
3175681066632;Biscuit Pavot Citron;c;https://fr.openfoodfacts.org/produit/3175681066632/biscuit-pavot-citron-gerble;['SNACKS', ' SNACKS SUCRÉS', ' BISCUITS ET GÂTEAUX', ' BISCUITS'];BISCUITS;['DIA', 'AUCHAN', 'CARREFOUR MARKET', ' MAGASINS U']
3175680011442;Biscuits au soja et orange;c;https://fr.openfoodfacts.org/produit/3175680011442/biscuits-au-soja-et-orange-gerble;['SNACKS', ' SNACKS SUCRÉS', ' BISCUITS ET GÂTEAUX', ' BISCUITS'];BISCUITS;['SUPER U', 'INTERMARCHÉ', 'CASINO', 'MAGASINS U']
3178530405781;Cookies Noisettes aux gros éclats de chocolat;e;https://fr.openfoodfacts.org/produit/3178530405781/cookies-noisettes-aux-gros-eclats-de-chocolat-bonne-maman;['SNACKS', ' SNACKS SUCRÉS', ' BISCUITS ET GÂTEAUX', ' BISCUITS', ' BISCUITS AU CHOCOLAT', ' COOKIES', ' COOKIES AU CHOCOLAT', ' COOKIES AU CHOCOLAT ET AUX NOISETTES'];BISCUITS;['CARREFOUR', ' MAGASINS U']
7622210601988;Granola;e;https://fr.openfoodfacts.org/produit/7622210601988/granola-lu;['SNACKS', ' SNACKS SUCRÉS', ' BISCUITS ET GÂTEAUX', ' BISCUITS', ' BISCUITS AU CHOCOLAT', ' BISCUITS SABLÉS', ' BISCUITS AU CHOCOLAT AU LAIT'];BISCUITS;['DIA', 'LECLERC', 'MAGASINS U', 'CARREFOUR', 'CASINO', 'INTERMARCHÉ', 'AUCHAN']
3017760619998;BelVita Petit Déjeuner Miel et Pépites de Chocolat & 5 céréales complètes;c;https://fr.openfoodfacts.org/produit/3017760619998/belvita-petit-dejeuner-miel-et-pepites-de-chocolat-5-cereales-completes-lu;['SNACKS', ' PETIT-DÉJEUNERS', ' SNACKS SUCRÉS', ' BISCUITS ET GÂTEAUX', ' BISCUITS', ' BISCUITS AU CHOCOLAT', ' BISCUITS AUX CÉRÉALES', ' BISCUITS PETITS-DÉJEUNERS'];BISCUITS;['AUCHAN']
3251490307002;Goûter pépites de chocolat;c;https://fr.openfoodfacts.org/produit/3251490307002/gouter-pepites-de-chocolat-gerble;['SNACKS', ' SNACKS SUCRÉS', ' BISCUITS ET GÂTEAUX', ' BISCUITS', ' BISCUITS AU CHOCOLAT'];BISCUITS;['CARREFOUR MARKET', 'MONOPRIX', ' MAGASINS U']
3251491787810;Goûter aux raisins;b;https://fr.openfoodfacts.org/produit/3251491787810/gouter-aux-raisins-gerble;['SNACKS', ' DESSERTS', ' SNACKS SUCRÉS', ' BISCUITS ET GÂTEAUX', ' BISCUITS'];BISCUITS;['MAGASINS U']
8000500142035;Nutella B-ready;e;https://fr.openfoodfacts.org/produit/8000500142035/nutella-b-ready-ferrero;['SNACKS', ' SNACKS SUCRÉS', ' BISCUITS ET GÂTEAUX', ' BISCUITS', ' BISCUITS AU CHOCOLAT'];BISCUITS;['CORA', 'EDEKA', 'CARREFOUR']
3061990140661;BN Goût Fraise;d;https://fr.openfoodfacts.org/produit/3061990140661/bn-gout-fraise;['SNACKS', ' SNACKS SUCRÉS', ' BISCUITS ET GÂTEAUX', ' BISCUITS', ' BISCUITS À LA FRAISE'];BISCUITS;['FRANPRIX']
3027030004386;Sticks et Bretzels Ancel;d;https://fr.openfoodfacts.org/produit/3027030004386/sticks-et-bretzels-ancel;['SNACKS', ' SNACKS SUCRÉS', ' SNACKS SALÉS', ' APÉRITIF', ' BISCUITS ET GÂTEAUX', ' BISCUITS', ' BISCUITS APÉRITIFS', ' BRETZELS'];BISCUITS;['CARREFOUR', 'CORA']
3061990141354;BN goût chocolat;e;https://fr.openfoodfacts.org/produit/3061990141354/bn-gout-chocolat;['SNACKS', ' SNACKS SUCRÉS', ' BISCUITS ET GÂTEAUX', ' BISCUITS', ' BISCUITS AU CHOCOLAT', ' BISCUITS-FOURRES'];BISCUITS;['MAGASINS U']
3178530402995;Tartelettes Framboises;e;https://fr.openfoodfacts.org/produit/3178530402995/tartelettes-framboises-bonne-maman;['SNACKS', ' DESSERTS', ' SNACKS SUCRÉS', ' BISCUITS ET GÂTEAUX', ' BISCUITS', ' TARTES', ' TARTELETTES', ' TARTELETTES À LA FRAMBOISE'];BISCUITS;['AUCHAN', 'CARREFOUR', ' MAGASINS U']
3251490304001;Goûter 4S aux pommes;a;https://fr.openfoodfacts.org/produit/3251490304001/gouter-4s-aux-pommes-gerble;['SNACKS', ' DESSERTS', ' SNACKS SUCRÉS', ' BISCUITS ET GÂTEAUX', ' BISCUITS'];BISCUITS;['CARREFOUR']
7622300788094;BelVita Tartiné goût Choco;c;https://fr.openfoodfacts.org/produit/7622300788094/belvita-tartine-gout-choco-lu;['SNACKS', ' SNACKS SUCRÉS', ' BISCUITS ET GÂTEAUX', ' BISCUITS', ' BISCUITS AU CHOCOLAT'];BISCUITS;['CORA', ' MAGASINS U']
3017760000062;"Le Véritable Petit Beurre &quot;dans la poche&quot;";e;https://fr.openfoodfacts.org/produit/3017760000062/le-veritable-petit-beurre-dans-la-poche-lu;['SNACKS', ' SNACKS SUCRÉS', ' BISCUITS ET GÂTEAUX', ' BISCUITS', ' PETITS BEURRES'];BISCUITS;['LECLERC', 'CORA', ' MAGASINS U']
3017760656092;Belvita Petit Déjeuner Duo Fourré Chocolat Noisette;d;https://fr.openfoodfacts.org/produit/3017760656092/belvita-petit-dejeuner-duo-fourre-chocolat-noisette-lu;['SNACKS', ' PETIT-DÉJEUNERS', ' SNACKS SUCRÉS', ' BISCUITS ET GÂTEAUX', ' BISCUITS'];BISCUITS;['E. LECLERC', ' MAGASINS U']
3041090061615;Cracotte Chocolat;d;https://fr.openfoodfacts.org/produit/3041090061615/cracotte-chocolat-lu;['SNACKS', ' SNACKS SUCRÉS', ' BISCUITS ET GÂTEAUX', ' BISCUITS', ' BISCUITS AU CHOCOLAT'];BISCUITS;['CARREFOUR', 'MAGASINS U']
7622210421968;Véritable Petit Écolier Chocolat au Lait;e;https://fr.openfoodfacts.org/produit/7622210421968/veritable-petit-ecolier-chocolat-au-lait-lu;['SNACKS', ' SNACKS SUCRÉS', ' BISCUITS ET GÂTEAUX', ' BISCUITS', ' BISCUITS AU CHOCOLAT', ' BISCUITS AU CHOCOLAT AU LAIT'];BISCUITS;['MAGASINS U']
3033490306014;Danette noir extra;c;https://fr.openfoodfacts.org/produit/3033490306014/danette-noir-extra-danone;['PRODUITS LAITIERS', ' DESSERTS', ' FRAIS', ' DESSERTS LACTÉS', ' DESSERTS AU CHOCOLAT', ' CRÈMES DESSERT', ' DESSERTS LACTÉS AU CHOCOLAT', ' CRÈMES DESSERT CHOCOLAT', ' CRÈMES DESSERT CHOCOLAT NOIR'];DESSERTS;['LECLERC', 'CARREFOUR', 'INTERMARCHÉ', ' MAGASINS U']
3021760400012;Pom'Potes Pomme;a;https://fr.openfoodfacts.org/produit/3021760400012/pom-potes-pomme-materne;"['ALIMENTS ET BOISSONS À BASE DE VÉGÉTAUX', "" ALIMENTS D'ORIGINE VÉGÉTALE"", ' DESSERTS', ' ALIMENTS À BASE DE FRUITS ET DE LÉGUMES', ' FRUITS ET PRODUITS DÉRIVÉS', ' COMPOTES', ' COMPOTES DE POMME', ' COMPOTES POMMES NATURE', ' COMPOTES À BOIRE', ' COMPOTES ALLÉGÉES']";DESSERTS;['BANQUE ALIMENTAIRE']
3023290634578;Le Yaourt à la Grecque, Nature;c;https://fr.openfoodfacts.org/produit/3023290634578/le-yaourt-a-la-grecque-nature-nestle;['PRODUITS LAITIERS', 'PRODUITS FERMENTÉS', 'YAOURTS NATURES', 'DESSERTS', 'YAOURTS À LA GRECQUE', 'YAOURTS BRASSÉS NATURE', 'PRODUITS LAITIERS FERMENTÉS', 'FRAIS', 'YAOURTS BRASSÉS', 'YAOURTS', 'YAOURTS ENTIERS', 'FR:YAOURTS-A-LA-GRECQUE-NATURE'];DESSERTS;['MONOPRIX']
3017760756198;Granola L'original Gros éclats de chocolat;e;https://fr.openfoodfacts.org/produit/3017760756198/granola-l-original-gros-eclats-de-chocolat-lu;['SNACKS', ' DESSERTS', ' SNACKS SUCRÉS', ' BISCUITS ET GÂTEAUX', ' BISCUITS', ' BISCUITS AU CHOCOLAT', ' COOKIES', ' COOKIES AU CHOCOLAT'];DESSERTS;['BANQUE ALIMENTAIRE', 'MAGASINS U']
3017760290692;Napolitain;e;https://fr.openfoodfacts.org/produit/3017760290692/napolitain-lu;['SNACKS', ' DESSERTS', ' SNACKS SUCRÉS', ' BISCUITS ET GÂTEAUX', ' GÂTEAUX', ' GÂTEAUX AU CHOCOLAT'];DESSERTS;['CARREFOUR', 'MAGASINS U', 'CORA INTERMARCHE SUPERU']
3273220082188;Fruits mixés (Framboise Passion);b;https://fr.openfoodfacts.org/produit/3273220082188/fruits-mixes-framboise-passion-sojasun;['DESSERTS', ' DESSERTS VÉGÉTALIENS', ' YAOURTS VÉGÉTAUX', ' YAOURTS AU SOJA', ' YAOURTS DE SOJA AUX FRUITS', ' YAOURTS SOJA AUX FRUITS MIXÉS'];DESSERTS;['MAGASINS U']
3033490594398;Velouté Nature;b;https://fr.openfoodfacts.org/produit/3033490594398/veloute-nature-danone;['PRODUITS LAITIERS', ' DESSERTS', ' PRODUITS FERMENTÉS', ' PRODUITS LAITIERS FERMENTÉS', ' FRAIS', ' YAOURTS', ' YAOURTS BRASSÉS NATURE', ' YAOURTS NATURES', ' YAOURTS BRASSÉS', ' YAOURTS ENTIERS'];DESSERTS;['LECLERC', 'INTERMARCHÉ']
3033490853556;Activa (Nature) 12 Pots;b;https://fr.openfoodfacts.org/produit/3033490853556/activa-nature-12-pots-danone;['PRODUITS LAITIERS', ' DESSERTS', ' PRODUITS FERMENTÉS', ' PRODUITS LAITIERS FERMENTÉS', ' FRAIS', ' YAOURTS', ' YAOURTS AU BIFIDUS', ' YAOURTS NATURES', ' YAOURTS ENTIERS'];DESSERTS;['AUCHAN']
3251491787810;Goûter aux raisins;b;https://fr.openfoodfacts.org/produit/3251491787810/gouter-aux-raisins-gerble;['SNACKS', ' DESSERTS', ' SNACKS SUCRÉS', ' BISCUITS ET GÂTEAUX', ' BISCUITS'];DESSERTS;['MAGASINS U']
3088865205256;Savane Le Classique Chocolat;d;https://fr.openfoodfacts.org/produit/3088865205256/savane-le-classique-chocolat-brossard;['SNACKS', ' DESSERTS', ' SNACKS SUCRÉS', ' BISCUITS ET GÂTEAUX', ' GÂTEAUX', ' GÂTEAUX AU CHOCOLAT', ' GÂTEAUX MARBRÉS'];DESSERTS;['LECLERC', 'CORA', 'MAGASINS U', 'AUCHAN', 'CARREFOUR', 'INTERMARCHÉ', 'MONOPRIX']
3184670001080;La Faisselle;c;https://fr.openfoodfacts.org/produit/3184670001080/la-faisselle-rians;['PRODUITS LAITIERS', ' DESSERTS', ' PRODUITS FERMENTÉS', ' PRODUITS LAITIERS FERMENTÉS', ' FROMAGES', ' FROMAGES À PÂTE FRAÎCHE', ' DESSERTS LACTÉS', ' FROMAGES BLANCS', ' FAISSELLES'];DESSERTS;['SUPER U', 'MAGASINS U']
3661344273009;Framboise Délicate;c;https://fr.openfoodfacts.org/produit/3661344273009/framboise-delicate-les-2-vaches;['PRODUITS LAITIERS', ' DESSERTS', ' PRODUITS FERMENTÉS', ' PRODUITS LAITIERS FERMENTÉS', ' FRAIS', ' YAOURTS', ' YAOURTS AUX FRUITS', ' YAOURTS BRASSÉS AUX FRUITS', ' YAOURTS À LA FRAMBOISE', ' YAOURTS BRASSÉS', ' YAOURTS SUCRÉS', ' YAOURTS ENTIERS', ' YAOURTS BRASSÉS FRAMBOISE'];DESSERTS;['CARREFOUR']
3178530402995;Tartelettes Framboises;e;https://fr.openfoodfacts.org/produit/3178530402995/tartelettes-framboises-bonne-maman;['SNACKS', ' DESSERTS', ' SNACKS SUCRÉS', ' BISCUITS ET GÂTEAUX', ' BISCUITS', ' TARTES', ' TARTELETTES', ' TARTELETTES À LA FRAMBOISE'];DESSERTS;['AUCHAN', 'CARREFOUR', ' MAGASINS U']
3251490304001;Goûter 4S aux pommes;a;https://fr.openfoodfacts.org/produit/3251490304001/gouter-4s-aux-pommes-gerble;['SNACKS', ' DESSERTS', ' SNACKS SUCRÉS', ' BISCUITS ET GÂTEAUX', ' BISCUITS'];DESSERTS;['CARREFOUR']
3329770041523;Perle de Lait (Nature) 8 Pots;c;https://fr.openfoodfacts.org/produit/3329770041523/perle-de-lait-nature-8-pots-yoplait;['PRODUITS LAITIERS', ' DESSERTS', ' FRAIS', ' DESSERTS LACTÉS', ' DESSERTS LACTÉS NATURES'];DESSERTS;['LECLERC']
3033490873486;Danio Pêche (2,4 % MG);b;https://fr.openfoodfacts.org/produit/3033490873486/danio-peche-2-4-mg-danone;['PRODUITS LAITIERS', ' DESSERTS', ' PRODUITS FERMENTÉS', ' PRODUITS LAITIERS FERMENTÉS', ' FRAIS', ' YAOURTS', ' YAOURTS AUX FRUITS', ' YAOURTS ALLÉGÉS EN MATIÈRE GRASSE', ' YAOURTS À LA PÊCHE', ' YAOURTS SUCRÉS', ' YAOURTS SUR LIT DE FRUITS', ' YAOURTS SUR LIT DE PÊCHE'];DESSERTS;['BANQUE ALIMENTAIRE', 'SUPER U']
3178530410105;Madeleines;d;https://fr.openfoodfacts.org/produit/3178530410105/madeleines-st-michel;['SNACKS', ' DESSERTS', ' SNACKS SUCRÉS', ' BISCUITS ET GÂTEAUX', ' GÂTEAUX', ' MADELEINES'];DESSERTS;['NETTO', ' MAGASINS U']
3046920012010;Chocolat Lait extra fin;e;https://fr.openfoodfacts.org/produit/3046920012010/chocolat-lait-extra-fin-lindt;['SNACKS', ' DESSERTS', ' SNACKS SUCRÉS', ' CONFISERIES', ' CHOCOLATS', ' CHOCOLATS AU LAIT', ' CHOCOLATS AU LAIT EXTRA FIN'];DESSERTS;['INTERMARCHÉ', 'RESTAURANTS DU CŒUR']
3273220082058;Fruits mixés (Abricot Goyave);b;https://fr.openfoodfacts.org/produit/3273220082058/fruits-mixes-abricot-goyave-sojasun;['DESSERTS', ' DESSERTS VÉGÉTALIENS', ' YAOURTS VÉGÉTAUX', ' YAOURTS AU SOJA', ' YAOURTS DE SOJA AUX FRUITS', ' YAOURTS SOJA AUX FRUITS MIXÉS'];DESSERTS;['CARREFOUR', 'SUPER U', 'LECLERC']
3760122966000;L'incroyable Mousse au chocolat noir;e;https://fr.openfoodfacts.org/produit/3760122966000/l-incroyable-mousse-au-chocolat-noir-michel-et-augustin;['DESSERTS', ' DESSERTS AU CHOCOLAT', ' MOUSSES-AU-CHOCOLAT', ' MOUSSES AU CHOCOLAT NOIR'];DESSERTS;['CARREFOUR', 'FRANPRIX', 'E.LECLERC', ' MAGASINS U']
3178531008127;Madeleines, la Vraie Recette;d;https://fr.openfoodfacts.org/produit/3178531008127/madeleines-la-vraie-recette-st-michel;['SNACKS', ' DESSERTS', ' SNACKS SUCRÉS', ' BISCUITS ET GÂTEAUX', ' GÂTEAUX', ' MADELEINES'];DESSERTS;['BANQUE ALIMENTAIRE']
3245413504531;Galettes de riz complet goût choco-noisettes;d;https://fr.openfoodfacts.org/produit/3245413504531/galettes-de-riz-complet-gout-choco-noisettes-carrefour;"['ALIMENTS ET BOISSONS À BASE DE VÉGÉTAUX', "" ALIMENTS D'ORIGINE VÉGÉTALE"", ' CÉRÉALES ET POMMES DE TERRE', ' DESSERTS', ' CÉRÉALES ET DÉRIVÉS', ' GALETTES DE CÉRÉALES', ' GALETTES DE RIZ', ' GALETTES DE RIZ COMPLET']";DESSERTS;['CARREFOUR']
3033490690861;Activia (Saveur Vanille) 12 Pots (Prix Choc);b;https://fr.openfoodfacts.org/produit/3033490690861/activia-saveur-vanille-12-pots-prix-choc-danone;['PRODUITS LAITIERS', ' DESSERTS', ' PRODUITS FERMENTÉS', ' PRODUITS LAITIERS FERMENTÉS', ' FRAIS', ' YAOURTS', ' YAOURTS AU BIFIDUS', ' YAOURTS AROMATISÉS', ' YAOURTS SUCRÉS', ' YAOURTS AU BIFIDUS AROMATISÉS'];DESSERTS;['AUCHAN']
3273220085370;Yaourt au soja Vanille;b;https://fr.openfoodfacts.org/produit/3273220085370/yaourt-au-soja-vanille-sojasun;['DESSERTS', ' DESSERTS VÉGÉTALIENS', ' FRAIS', ' DESSERTS AU SOJA', ' DESSERTS DE SOJA À LA VANILLE'];DESSERTS;['SUPER U', ' MAGASINS U']
3270160664405;16 macarons (chocolat, vanille, framboise, café);e;https://fr.openfoodfacts.org/produit/3270160664405/16-macarons-chocolat-vanille-framboise-cafe-picard;['SNACKS', ' DESSERTS', ' SNACKS SUCRÉS', ' SURGELÉS', ' BISCUITS ET GÂTEAUX', ' PÂTISSERIES', ' MACARONS', ' GÂTEAUX ET PÂTISSERIES SURGELÉS'];DESSERTS;['PICARD']
20167653;Brassé Nature;b;https://fr.openfoodfacts.org/produit/20167653/brasse-nature-milbona;['PRODUITS LAITIERS', ' DESSERTS', ' PRODUITS FERMENTÉS', ' PRODUITS LAITIERS FERMENTÉS', ' RÉFRIGÉRÉS', ' YAOURTS', ' YAOURTS BRASSÉS NATURE', ' YAOURTS NATURES', ' YAOURTS BRASSÉS', ' YAOURTS ENTIERS'];DESSERTS;['LIDL']
3760122961708;Super Cookies coeur fondant, au chocolat au lait et noisettes;e;https://fr.openfoodfacts.org/produit/3760122961708/super-cookies-coeur-fondant-au-chocolat-au-lait-et-noisettes-michel-et-augustin;['SNACKS', ' DESSERTS', ' SNACKS SUCRÉS', ' BISCUITS ET GÂTEAUX', ' BISCUITS', ' COOKIES', ' SUPER-COOKIES-COEUR-FONDANT-AU-CHOCOLAT-AU-LAIT-ET-NOISETTE'];DESSERTS;['CARREFOUR', ' MAGASINS U']
7622300748005;Napolitain Caramel beurre salé;e;https://fr.openfoodfacts.org/produit/7622300748005/napolitain-caramel-beurre-sale-lu;['SNACKS', ' DESSERTS', ' SNACKS SUCRÉS', ' BISCUITS ET GÂTEAUX', ' GÂTEAUX', ' GÂTEAUX AU CHOCOLAT', ' GÂTEAUX FOURRÉS', ' GÉNOISES'];DESSERTS;['CARREFOUR MARKET']
3564700010846;Chocolat Noir Pâtissier;e;https://fr.openfoodfacts.org/produit/3564700010846/chocolat-noir-patissier-tablette-d-or;['SNACKS', ' DESSERTS', ' SNACKS SUCRÉS', ' CHOCOLATS', ' CHOCOLATS NOIRS', ' DESSERTS AU CHOCOLAT'];DESSERTS;['LECLERC']
3048282322646;L'Ourson de Lulu Chocolat;d;https://fr.openfoodfacts.org/produit/3048282322646/l-ourson-de-lulu-chocolat-lu;['SNACKS', ' DESSERTS', ' SNACKS SUCRÉS', ' BISCUITS ET GÂTEAUX', ' GÂTEAUX', ' GÂTEAUX AU CHOCOLAT'];DESSERTS;['MONOPRIX', 'AUCHAN', ' MAGASINS U']
3045320027280;Compote Pomme Nature;a;https://fr.openfoodfacts.org/produit/3045320027280/compote-pomme-nature-andros;"['ALIMENTS ET BOISSONS À BASE DE VÉGÉTAUX', "" ALIMENTS D'ORIGINE VÉGÉTALE"", ' DESSERTS', ' ALIMENTS À BASE DE FRUITS ET DE LÉGUMES', ' FRUITS ET PRODUITS DÉRIVÉS', ' COMPOTES', ' COMPOTES DE POMME', ' COMPOTES POMMES NATURE']";DESSERTS;['LECLERC']
3045320517101;Compote de pomme allégée;a;https://fr.openfoodfacts.org/produit/3045320517101/compote-de-pomme-allegee-andros;"['ALIMENTS ET BOISSONS À BASE DE VÉGÉTAUX', "" ALIMENTS D'ORIGINE VÉGÉTALE"", ' DESSERTS', ' ALIMENTS À BASE DE FRUITS ET DE LÉGUMES', ' FRUITS ET PRODUITS DÉRIVÉS', ' COMPOTES', ' COMPOTES DE POMME', ' COMPOTES ALLÉGÉES']";DESSERTS;['CARREFOUR', 'MAGASINS U']
3250390779100;Bifidus nature (12 Pots);b;https://fr.openfoodfacts.org/produit/3250390779100/bifidus-nature-12-pots-paturages;['PRODUITS LAITIERS', ' DESSERTS', ' PRODUITS FERMENTÉS', ' PRODUITS LAITIERS FERMENTÉS', ' FRAIS', ' YAOURTS', ' YAOURTS AU BIFIDUS', ' YAOURTS NATURES', ' YAOURTS ENTIERS'];DESSERTS;['INTERMARCHÉ']
3297760097143;Pommes Mangues Sans Sucres Ajoutés;a;https://fr.openfoodfacts.org/produit/3297760097143/pommes-mangues-sans-sucres-ajoutes-charles-alice;"['ALIMENTS ET BOISSONS À BASE DE VÉGÉTAUX', "" ALIMENTS D'ORIGINE VÉGÉTALE"", ' DESSERTS', ' ALIMENTS À BASE DE FRUITS ET DE LÉGUMES', ' FRUITS ET PRODUITS DÉRIVÉS', ' COMPOTES', ' COMPOTES DE POMME', ' COMPOTES POMMES MANGUE']";DESSERTS;['CARREFOUR', 'AUCHAN', ' MAGASINS U']
3608580722021;Pomme Fruits du Verger;a;https://fr.openfoodfacts.org/produit/3608580722021/pomme-fruits-du-verger-andros;"['ALIMENTS ET BOISSONS À BASE DE VÉGÉTAUX', "" ALIMENTS D'ORIGINE VÉGÉTALE"", ' DESSERTS', ' ALIMENTS À BASE DE FRUITS ET DE LÉGUMES', ' FRUITS ET PRODUITS DÉRIVÉS', ' COMPOTES', ' COMPOTES DE POMME']";DESSERTS;['LECLERC', 'GÉANT CASINO', 'GÉANT']
3021769505602;Pom'Potes (Pomme);a;https://fr.openfoodfacts.org/produit/3021769505602/pom-potes-pomme-materne;"['ALIMENTS ET BOISSONS À BASE DE VÉGÉTAUX', "" ALIMENTS D'ORIGINE VÉGÉTALE"", ' DESSERTS', ' ALIMENTS À BASE DE FRUITS ET DE LÉGUMES', ' FRUITS ET PRODUITS DÉRIVÉS', ' COMPOTES', ' COMPOTES DE POMME', ' COMPOTES POMMES NATURE', ' COMPOTES À BOIRE']";DESSERTS;['CARREFOUR']
3263852914117;Galettes Bretonnes - Pur Beurre;e;https://fr.openfoodfacts.org/produit/3263852914117/galettes-bretonnes-pur-beurre-leader-price;['SNACKS', ' DESSERTS', ' SNACKS SUCRÉS', ' BISCUITS ET GÂTEAUX', ' BISCUITS', ' BISCUITS SECS', ' BISCUITS SABLÉS'];DESSERTS;['FRANPRIX', 'LEADER PRICE']
8718114774084;Magnum Double Caramel;e;https://fr.openfoodfacts.org/produit/8718114774084/magnum-double-caramel;['DESSERTS', ' SURGELÉS', ' DESSERTS GLACÉS', ' GLACES ET SORBETS', ' GLACES', ' BÂTONNETS GLACÉS', ' BÂTONNETS GLACÉS AU CHOCOLAT'];DESSERTS;['CARREFOUR']
5000159397292;Barres glacées;d;https://fr.openfoodfacts.org/produit/5000159397292/barres-glacees-mars;['SNACKS', ' DESSERTS', ' SNACKS SUCRÉS', ' SURGELÉS', ' DESSERTS GLACÉS', ' BARRES', ' GLACES ET SORBETS', ' GLACES', ' BARRES GLACÉES'];DESSERTS;['SUPER U']
5449000131805;Coca Cola Zero;b;https://fr.openfoodfacts.org/produit/5449000131805/coca-cola-zero-the-coca-cola-company;['BOISSONS', ' BOISSONS ÉDULCORÉES', ' BOISSONS GAZEUSES', ' BOISSONS LIGHT', ' SODAS', ' SODAS LIGHT', ' BOISSONS SANS ALCOOL', ' SODAS AU COLA', ' SODAS AU COLA LIGHT'];BOISSONS;['OKCON 2013', 'M!P RESTAURANTS AT CICG']
3033710065967;Nesquik;b;https://fr.openfoodfacts.org/produit/3033710065967/nesquik-nestle;['BOISSONS', ' SNACKS', ' PETIT-DÉJEUNERS', ' SNACKS SUCRÉS', ' PRODUITS DÉSHYDRATÉS', ' BOISSONS CHAUDES', ' CHOCOLATS', ' PRODUITS LYOPHILISÉS À RECONSTITUER', ' BOISSONS INSTANTANÉES', ' CHOCOLATS EN POUDRE', ' CACAOS ET CHOCOLATS EN POUDRE', ' BOISSONS AVEC SUCRE AJOUTÉ'];BOISSONS;['CORA', 'MAGASINS U']
5449000050205;Coca Cola Light;b;https://fr.openfoodfacts.org/produit/5449000050205/coca-cola-light;['BOISSONS', ' BOISSONS ÉDULCORÉES', ' BOISSONS GAZEUSES', ' BOISSONS LIGHT', ' SODAS', ' SODAS LIGHT', ' SODAS AU COLA', ' SODAS AU COLA LIGHT'];BOISSONS;['OKCON 2013', 'M!P RESTAURANTS AT CICG']
3228886030011;Ice Tea pêche;e;https://fr.openfoodfacts.org/produit/3228886030011/ice-tea-peche-lipton;['ALIMENTS ET BOISSONS À BASE DE VÉGÉTAUX', ' BOISSONS', ' BOISSONS À BASE DE VÉGÉTAUX', ' BOISSONS CHAUDES', ' THÉS', ' THÉS GLACÉS', ' BOISSONS AU THÉ', ' THÉS GLACÉS SAVEUR PÊCHE', ' BOISSONS AVEC SUCRE AJOUTÉ'];BOISSONS;['CORA CAFÉTÉRIA', 'LIDL', 'CARREFOUR']
7613032655495;Ricoré Original;e;https://fr.openfoodfacts.org/produit/7613032655495/ricore-original-nestle;"['ALIMENTS ET BOISSONS À BASE DE VÉGÉTAUX', 'BOISSONS', ""ALIMENTS D'ORIGINE VÉGÉTALE"", 'BOISSONS CHAUDES', 'BOISSONS À BASE DE VÉGÉTAUX', 'BOISSONS INSTANTANÉES', 'BOISSONS SANS ALCOOL', 'BOISSONS SANS SUCRE AJOUTÉ']";BOISSONS;['LECLERC', 'MAGASINS U', 'SUPER U', 'AUCHAN', 'CARREFOUR']
3428272950057;Lait Bio Demi-Écrémé;b;https://fr.openfoodfacts.org/produit/3428272950057/lait-bio-demi-ecreme-lactel;['BOISSONS', ' PRODUITS LAITIERS', ' LAITS', ' LAITS HOMOGÉNÉISÉS', ' LAITS UHT', ' LAITS DEMI-ÉCRÉMÉS BIOLOGIQUES', ' LAITS DEMI-ÉCRÉMÉS'];BOISSONS;['BI1']
3174780000431;Coca Cola;e;https://fr.openfoodfacts.org/produit/3174780000431/coca-cola;['BOISSONS', ' BOISSONS GAZEUSES', ' SODAS', ' SODAS AU COLA', ' BOISSONS AVEC SUCRE AJOUTÉ'];BOISSONS;['AUCHAN', 'LECLERC', 'CARREFOUR', 'CORA']
3033710065066;Nesquik;b;https://fr.openfoodfacts.org/produit/3033710065066/nesquik-nestle;['BOISSONS', ' SNACKS', ' PETIT-DÉJEUNERS', ' SNACKS SUCRÉS', ' BOISSONS CHAUDES', ' CHOCOLATS', ' BOISSONS INSTANTANÉES', ' CHOCOLATS EN POUDRE', ' CACAOS ET CHOCOLATS EN POUDRE', ' BOISSONS AVEC SUCRE AJOUTÉ'];BOISSONS;['INTERMARCHÉ', 'CORA', 'MAGASINS U', 'LECLERC']
3596710284542;Orange pur jus;c;https://fr.openfoodfacts.org/produit/3596710284542/orange-pur-jus-auchan;"['ALIMENTS ET BOISSONS À BASE DE VÉGÉTAUX', ' BOISSONS', ' BOISSONS À BASE DE VÉGÉTAUX', ' BOISSONS AUX FRUITS', ' JUS ET NECTARS', ' JUS ET NECTARS DE FRUITS', ' JUS DE FRUITS', "" JUS D'ORANGE"", ' JUS DE FRUITS 100% PUR JUS', "" JUS D'ORANGE 100% PUR JUS""]";BOISSONS;['ATAC', ' AUCHAN']
5449000137609;Coca-Cola Zero;b;https://fr.openfoodfacts.org/produit/5449000137609/coca-cola-zero;['BOISSONS', ' BOISSONS ÉDULCORÉES', ' BOISSONS GAZEUSES', ' BOISSONS LIGHT', ' SODAS', ' SODAS LIGHT', ' SODAS AU COLA', ' SODAS AU COLA LIGHT'];BOISSONS;['CASINO']
3124480208842;Oasis Tropical;e;https://fr.openfoodfacts.org/produit/3124480208842/oasis-tropical;['ALIMENTS ET BOISSONS À BASE DE VÉGÉTAUX', ' BOISSONS', ' BOISSONS À BASE DE VÉGÉTAUX', ' BOISSONS AUX FRUITS', ' BOISSONS AVEC SUCRE AJOUTÉ'];BOISSONS;['INTERMARCHÉ']
5449000131836;Coca-Cola Zero;b;https://fr.openfoodfacts.org/produit/5449000131836/coca-cola-zero;['BOISSONS', ' BOISSONS ÉDULCORÉES', ' BOISSONS GAZEUSES', ' BOISSONS LIGHT', ' SODAS', ' SODAS LIGHT', ' SODAS AU COLA', ' SODAS AU COLA LIGHT'];BOISSONS;['OKCON 2013', 'M!P RESTAURANTS AT CICG']
5000112609653;Original taste;e;https://fr.openfoodfacts.org/produit/5000112609653/original-taste-coca-cola;['BOISSONS', ' BOISSONS GAZEUSES', ' SODAS', ' SODAS AU COLA', ' BOISSONS AVEC SUCRE AJOUTÉ'];BOISSONS;['COCCIMARKET']
5449000011527;Fanta Orange;d;https://fr.openfoodfacts.org/produit/5449000011527/fanta-orange;['ALIMENTOS Y BEBIDAS DE ORIGEN VEGETAL', ' BEBIDAS', ' BEBIDAS DE ORIGEN VEGETAL', ' BEBIDAS A BASE DE FRUTAS', ' BEBIDAS ENDULZADAS ARTIFICIALMENTE', ' BEBIDAS CARBONATADAS', ' SODAS', ' SODAS A BASE DE FRUTAS', ' SODAS A BASE DE NARANJA', ' BEBIDAS AZUCARADAS'];BOISSONS;['DISTRIBUTEUR AUTOMATIQUE', 'OKCON 2013', 'M!P RESTAURANTS AT CICG']
3564700005552;Lait Demi écrémé;b;https://fr.openfoodfacts.org/produit/3564700005552/lait-demi-ecreme-delisse;['BOISSONS', ' PRODUITS LAITIERS', ' LAITS', ' LAITS HOMOGÉNÉISÉS', ' LAITS UHT', ' LAITS DEMI-ÉCRÉMÉS'];BOISSONS;['LECLERC']
3033710065875;Nesquik® 450 g;b;https://fr.openfoodfacts.org/produit/3033710065875/nesquik-450-g;['BOISSONS', ' SNACKS', ' PETIT-DÉJEUNERS', ' SNACKS SUCRÉS', ' PRODUITS DÉSHYDRATÉS', ' BOISSONS CHAUDES', ' CHOCOLATS', ' PRODUITS LYOPHILISÉS À RECONSTITUER', ' BOISSONS INSTANTANÉES', ' CHOCOLATS EN POUDRE', ' CACAOS ET CHOCOLATS EN POUDRE', ' BOISSONS AVEC SUCRE AJOUTÉ'];BOISSONS;['LECLERC']
3229820112015;Boisson riz bio;b;https://fr.openfoodfacts.org/produit/3229820112015/boisson-riz-bio-bjorg;"['ALIMENTS ET BOISSONS À BASE DE VÉGÉTAUX', ' BOISSONS', "" ALIMENTS D'ORIGINE VÉGÉTALE"", ' CÉRÉALES ET POMMES DE TERRE', ' CÉRÉALES ET DÉRIVÉS', ' BOISSONS À BASE DE VÉGÉTAUX', ' SUBSTITUT DU LAIT', ' BOISSONS VÉGÉTALES', ' BOISSONS VÉGÉTALES DE CÉRÉALES', ' BOISSONS AU RIZ', ' BOISSONS SANS SUCRE AJOUTÉ']";BOISSONS;['CARREFOUR', ' MAGASINS U']
3249760000081;Orangina;e;https://fr.openfoodfacts.org/produit/3249760000081/orangina;['ALIMENTS ET BOISSONS À BASE DE VÉGÉTAUX', ' BOISSONS', ' BOISSONS À BASE DE VÉGÉTAUX', ' BOISSONS AUX FRUITS', ' BOISSONS GAZEUSES', ' SODAS', ' SODAS AUX FRUITS', ' BOISSONS AVEC SUCRE AJOUTÉ'];BOISSONS;['G20']
3245412373039;Orange 100 % Pur Fruit Pressé;c;https://fr.openfoodfacts.org/produit/3245412373039/orange-100-pur-fruit-presse-carrefour;"['ALIMENTS ET BOISSONS À BASE DE VÉGÉTAUX', ' BOISSONS', ' BOISSONS À BASE DE VÉGÉTAUX', ' BOISSONS AUX FRUITS', ' JUS ET NECTARS', ' JUS ET NECTARS DE FRUITS', ' JUS DE FRUITS', "" JUS D'ORANGE"", ' JUS DE FRUITS 100% PUR JUS', "" JUS D'ORANGE 100% PUR JUS""]";BOISSONS;['DIA', ' CARREFOUR']
3045320104127;Oranges pressées;c;https://fr.openfoodfacts.org/produit/3045320104127/oranges-pressees-andros;"['ALIMENTS ET BOISSONS À BASE DE VÉGÉTAUX', ' BOISSONS', ' BOISSONS À BASE DE VÉGÉTAUX', ' BOISSONS AUX FRUITS', ' JUS ET NECTARS', ' JUS ET NECTARS DE FRUITS', ' JUS DE FRUITS', "" JUS D'ORANGE"", ' JUS DE FRUITS 100% PUR JUS', "" JUS D'ORANGE 100% PUR JUS""]";BOISSONS;['FRANPRIX', ' MAGASINS U']
3225350000501;citron à diluer;d;https://fr.openfoodfacts.org/produit/3225350000501/citron-a-diluer-pulco;['ALIMENTS ET BOISSONS À BASE DE VÉGÉTAUX', ' BOISSONS', ' BOISSONS À BASE DE VÉGÉTAUX', ' BOISSONS AUX FRUITS'];BOISSONS;['GÉANT CASINO', 'MAGASINS U', 'AUCHAN']
